﻿designator,quantity,value,pack,mpn,mount_type
,1,,6fee0b24-c138-4a4c-a178-f9bde62f029a,,tht
"C1, C3",2,470uF,CP_Radial_D10.0mm_P2.50mm_P5.00mm,,tht
C2,1,100n,C_0603_1608Metric_Pad1.08x0.95mm_HandSolder,,smt
C4,1,"2.2uF, 25V",C_0805_2012Metric_Pad1.18x1.45mm_HandSolder,,smt
C5,1,~,C_0603_1608Metric_Pad1.08x0.95mm_HandSolder,,smt
"D2, D3",2,SS14,D_SOD-123F,,smt
"H1, H2, H3, H4",4,MountingHole,MountingHole_3.2mm_M3_DIN965,,tht
H5,1,Logo,logo,,tht
"IC2, IC3",2,ULN2003AD,SO16,,tht
IC4,1,PAM8403_NO_SPEAKERS,PAM8403_SPEAKERS,,tht
J1,1,IN,"TerminalBlock_Phoenix_PT-1,5-4-3.5-H_1x04_P3.50mm_Horizontal",,tht
"JP1, JP11, JP12, JP14, JP2, JP3, JP4, JP5, JP6, JP7, JP8",11,PINHD-1X3,1X03,,tht
"JP16, JP17, JP18, JP19, JP21, JP22, JP23, JP24, JP25, JP26, JP27, JP28, JP29, JP31",14,PINHD-1X2,1X02,,tht
JP20,1,PINHD-2X3,2X03,,tht
JP30,1,5V JUMPER,SolderJumper-3_P1.3mm_Open_RoundedPad1.0x1.5mm,,tht
LOGO1,1,OSHW-LOGOM,OSHW-LOGO-M,,tht
"R1, R10, R2, R3, R4, R5, R6, R7, R8",9,330R,R_0603_1608Metric_Pad0.98x0.95mm_HandSolder,,smt
"R11, R12",2,10k,R_0603_1608Metric_Pad0.98x0.95mm_HandSolder,,smt
R18,1,20k,S64W,,tht
U$1,1,DC-DC-STEP-DOWN-MP1584,DC-DC-STEP-DOWN-MP1584,,tht
U1,1,ESP32DEVKITV1,ESP32-DEVKITV1,,tht
U2,1,RZ7886,DIP-8_W7.62mm_LongPads,,tht
