﻿pos_x,pos_y,rotation,side,designator,mpn,pack,value,mount_type,place
1.905,24.6,180.0,top,,,6fee0b24-c138-4a4c-a178-f9bde62f029a,,tht,True
2.25,36.8,90.0,top,C1,,CP_Radial_D10.0mm_P2.50mm_P5.00mm,470uF,tht,True
3.7,26.7,-90.0,bottom,C2,,C_0603_1608Metric_Pad1.08x0.95mm_HandSolder,100n,smt,True
1.7,14.017677,-90.0,top,C3,,CP_Radial_D10.0mm_P2.50mm_P5.00mm,470uF,tht,True
35.7,28.6,0.0,bottom,C4,,C_0805_2012Metric_Pad1.18x1.45mm_HandSolder,"2.2uF, 25V",smt,True
12.15,24.2,90.0,bottom,C5,,C_0603_1608Metric_Pad1.08x0.95mm_HandSolder,~,smt,True
1.7,33.7,0.0,bottom,D2,,D_SOD-123F,SS14,smt,True
35.8,22.3,0.0,bottom,D3,,D_SOD-123F,SS14,smt,True
-6.0,40.5,0.0,top,H1,,MountingHole_3.2mm_M3_DIN965,MountingHole,tht,True
-6.0,0.5,0.0,top,H2,,MountingHole_3.2mm_M3_DIN965,MountingHole,tht,True
44.0,0.5,0.0,top,H3,,MountingHole_3.2mm_M3_DIN965,MountingHole,tht,True
44.0,40.5,0.0,top,H4,,MountingHole_3.2mm_M3_DIN965,MountingHole,tht,True
43.3,16.6,-90.0,bottom,H5,,logo,Logo,tht,True
33.975,15.075,180.0,bottom,IC2,,SO16,ULN2003AD,tht,True
15.975,15.075,180.0,bottom,IC3,,SO16,ULN2003AD,tht,True
35.95,16.6,90.0,top,IC4,,PAM8403_SPEAKERS,PAM8403_NO_SPEAKERS,tht,True
-7.000001,25.749828,-90.0,top,J1,,"TerminalBlock_Phoenix_PT-1,5-4-3.5-H_1x04_P3.50mm_Horizontal",IN,tht,True
10.77,38.354,-90.0,top,JP1,,1X03,PINHD-1X3,tht,True
31.09,38.354,-90.0,top,JP11,,1X03,PINHD-1X3,tht,True
33.63,38.354,-90.0,top,JP12,,1X03,PINHD-1X3,tht,True
36.17,38.354,-90.0,top,JP14,,1X03,PINHD-1X3,tht,True
0.0,1.27,90.0,top,JP16,,1X02,PINHD-1X2,tht,True
2.54,1.27,90.0,top,JP17,,1X02,PINHD-1X2,tht,True
5.08,1.27,90.0,top,JP18,,1X02,PINHD-1X2,tht,True
7.62,1.27,90.0,top,JP19,,1X02,PINHD-1X2,tht,True
13.31,38.354,-90.0,top,JP2,,1X03,PINHD-1X3,tht,True
36.83,1.27,0.0,top,JP20,,2X03,PINHD-2X3,tht,True
10.16,1.27,90.0,top,JP21,,1X02,PINHD-1X2,tht,True
12.7,1.27,90.0,top,JP22,,1X02,PINHD-1X2,tht,True
15.24,1.27,90.0,top,JP23,,1X02,PINHD-1X2,tht,True
17.78,1.27,90.0,top,JP24,,1X02,PINHD-1X2,tht,True
20.32,1.27,90.0,top,JP25,,1X02,PINHD-1X2,tht,True
22.86,1.27,90.0,top,JP26,,1X02,PINHD-1X2,tht,True
25.4,1.27,90.0,top,JP27,,1X02,PINHD-1X2,tht,True
27.94,1.27,90.0,top,JP28,,1X02,PINHD-1X2,tht,True
45.35,33.25,-90.0,top,JP29,,1X02,PINHD-1X2,tht,True
15.85,38.354,-90.0,top,JP3,,1X03,PINHD-1X3,tht,True
7.2,38.35,180.0,bottom,JP30,,SolderJumper-3_P1.3mm_Open_RoundedPad1.0x1.5mm,5V JUMPER,tht,True
30.48,1.27,90.0,top,JP31,,1X02,PINHD-1X2,tht,True
18.39,38.354,-90.0,top,JP4,,1X03,PINHD-1X3,tht,True
20.93,38.354,-90.0,top,JP5,,1X03,PINHD-1X3,tht,True
23.47,38.354,-90.0,top,JP6,,1X03,PINHD-1X3,tht,True
26.01,38.354,-90.0,top,JP7,,1X03,PINHD-1X3,tht,True
28.55,38.354,-90.0,top,JP8,,1X03,PINHD-1X3,tht,True
-5.7,32.9,-90.0,bottom,LOGO1,,OSHW-LOGO-M,OSHW-LOGOM,tht,True
12.0875,33.85,0.0,bottom,R1,,R_0603_1608Metric_Pad0.98x0.95mm_HandSolder,330R,smt,True
34.8875,33.8,0.0,bottom,R10,,R_0603_1608Metric_Pad0.98x0.95mm_HandSolder,330R,smt,True
26.670515,27.916985,90.0,bottom,R11,,R_0603_1608Metric_Pad0.98x0.95mm_HandSolder,10k,smt,True
28.270515,27.916985,90.0,bottom,R12,,R_0603_1608Metric_Pad0.98x0.95mm_HandSolder,10k,smt,True
42.3,30.95,90.0,top,R18,,S64W,20k,tht,True
15.85,33.85,0.0,bottom,R2,,R_0603_1608Metric_Pad0.98x0.95mm_HandSolder,330R,smt,True
19.65,33.85,0.0,bottom,R3,,R_0603_1608Metric_Pad0.98x0.95mm_HandSolder,330R,smt,True
23.5,33.85,0.0,bottom,R4,,R_0603_1608Metric_Pad0.98x0.95mm_HandSolder,330R,smt,True
8.75,24.2,90.0,bottom,R5,,R_0603_1608Metric_Pad0.98x0.95mm_HandSolder,330R,smt,True
10.45,24.2,-90.0,bottom,R6,,R_0603_1608Metric_Pad0.98x0.95mm_HandSolder,330R,smt,True
27.3,33.8,0.0,bottom,R7,,R_0603_1608Metric_Pad0.98x0.95mm_HandSolder,330R,smt,True
31.1,33.8,0.0,bottom,R8,,R_0603_1608Metric_Pad0.98x0.95mm_HandSolder,330R,smt,True
16.129,18.415,-90.0,top,U$1,,DC-DC-STEP-DOWN-MP1584,DC-DC-STEP-DOWN-MP1584,tht,True
17.78,18.415,0.0,top,U1,,ESP32-DEVKITV1,ESP32DEVKITV1,tht,True
5.73,20.33,180.0,top,U2,,DIP-8_W7.62mm_LongPads,RZ7886,tht,True
